Workbook

Sheet Start here
B2: Pre-Season Summer Showcase 2026 — starter sheet
B4: Friday Aug 28 to Sunday Aug 30 · Leisure Rinks, 75 Weiss Ave, West Seneca NY
B5: Six teams, everyone plays everyone once, five games each. No bracket, no champion.
B7: This sheet is already full of made-up data
B8: The point is that you can hook it up right now and see the finished page working, then
B9: swap in the real details as they arrive. Everything shaded cream is a placeholder.
B11: Three things to replace
B12: 1. Team names. Five of the six are invented. Change them on the Teams tab, then run
B13: Edit > Find and replace on the Schedule tab to swap the old name for the new one —
B14: editing the Teams tab alone will NOT update games already written on the Schedule.
B15: 2. Times, opponents and rinks, once the real schedule comes out.
B16: 3. The dummy scores. Select E5:F13 on the Schedule tab and press Delete before Friday.
... B43: The page looks for Settings, Teams and Schedule by name. Start here is ignored.

Sheet Settings
B1: Settings
B3: Field | C3: Your answer | D3: Notes | F3: Before you send the link to anyone
B4: League or showcase name | C4: Pre-Season Summer Showcase 2026 | D4: the small line above the team name | F4: These update themselves. Every one has to say OK.
B5: Our team | C5: West Seneca Wings | D5: must match the Teams tab exactly | F5: Requirement | G5: Status
B6: Which view opens first | C6: showcase | D6: this event is on now, so it opens on itself anyway | F6: Your team is filled in | G6: =IF(TRIM($C$5)="","FIX - type your team name in C5","OK")
B7: Tiebreak rules | D7: blank on purpose — this event publishes none | F7: Your team matches the Teams tab exactly | G7: =IF(TRIM($C$5)="","FIX - fill in your team first",IF(COUNTIF(Teams!$B$5:$B$204,$C$5)=0,"FIX - that spelling is not on the Teams tab","OK"))
B8: Points for a win | D8: blank = 2 | F8: Event or league name is filled in | G8: =IF(TRIM($C$4)="","FIX - type the event name in C4","OK")
B9: Points for a tie | D9: blank = 1 | F9: At least two teams listed | G9: =IF(COUNTIF(Teams!$B$5:$B$204,"?*")<2,"FIX - add teams on the Teams tab","OK")
B10: Points for a loss | D10: blank = 0 | F10: No team listed twice | G10: =IF(SUMPRODUCT((Teams!$B$5:$B$204<>"")*(COUNTIF(Teams!$B$5:$B$204,Teams!$B$5:$B$204&"")>1))>0,"FIX - a team name appears more than once","OK")
F11: At least one game on the Schedule | G11: =IF(COUNTIF(Schedule!$C$5:$C$304,"?*")=0,"FIX - add games on the Schedule tab","OK")
F12: Every game has a date | G12: =IF(SUMPRODUCT((Schedule!$C$5:$C$304<>"")*(Schedule!$A$5:$A$304=""))>0,SUMPRODUCT((Schedule!$C$5:$C$304<>"")*(Schedule!$A$5:$A$304=""))&" game(s) have no date in column A","OK")
F13: Every Schedule row reads OK in column K | G13: =IF(COUNTIF(Schedule!$K$5:$K$304,"OK*")<COUNTIF(Schedule!$C$5:$C$304,"?*"),COUNTIF(Schedule!$C$5:$C$304,"?*")-COUNTIF(Schedule!$K$5:$K$304,"OK*")&" row(s) need attention in column K","OK")
F14: No game left out of its event | G14: =IF(SUMPRODUCT((Schedule!$A$5:$A$304<>"")*(Schedule!$J$5:$J$304="")*(COUNTIFS(Schedule!$A$5:$A$304,Schedule!$A$5:$A$304,Schedule!$J$5:$J$304,"?*")>0))>0,"FIX - a game sits on an event day with a blank Event cell","OK")

Sheet Teams
B1: Teams
B2: Five of these are invented. Replace them, then Find and replace on the Schedule tab.
B4: Team name | C4: Pool / division | D4: Notes | E4: Also known as
B5: West Seneca Wings
B6: Niagara Falls Flyers | D6: placeholder — replace with the real team
B7: Southtowns Stars | D7: placeholder — replace with the real team
B8: Amherst Knights | D8: placeholder — replace with the real team
B9: Rochester Monarchs | D9: placeholder — replace with the real team
B10: Erie Lakers | D10: placeholder — replace with the real team

Sheet Rinks
B1: Rinks
B2: The Rink column on the Schedule tab picks from this list. Add a rink here first and it appears in the dropdown.
B4: Rink name | C4: Address | D4: Notes
B5: Leisure Rinks — West Seneca

Sheet Schedule
A1: Schedule
A2: =IF(COUNTIF($C$5:$C$304,"?*")=0,"No games entered yet.",IF(COUNTIF($K$5:$K$304,"OK*")=COUNTIF($C$5:$C$304,"?*"),"All "&COUNTIF($C$5:$C$304,"?*")&" rows look good.",COUNTIF($C$5:$C$304,"?*")-COUNTIF($K$5:$K$304,"OK*")&" row(s) need fixing - look down column K for the ones that do not say OK."))
A4: Date | B4: Face-off | C4: Away team | D4: Home team | E4: Away goals | F4: Home goals | G4: Rink | H4: Pool / division | I4: Game type | J4: Event | K4: Check
A5: 2026-08-28 | B5: 5:00 PM | C5: Niagara Falls Flyers | D5: West Seneca Wings | E5: 2 | F5: 3 | G5: Leisure Rinks — West Seneca | I5: Pool | J5: Pre-Season Summer Showcase 2026 | K5: =IF(AND(A5="",C5="",D5=""),"",IF(A5="","Missing the date in column A",IF(OR(C5="",D5=""),IF(I5="Bracket","OK - bracket TBD","Missing a team"),IF(C5=D5,"Same team twice",IF(AND(COUNTIF(Teams!$B$5:$B$204,C5)=0,NOT(SUMPRODUCT(--ISNUMBER(SEARCH(","&C5&",",","&SUBSTITUTE(SUBSTITUTE(Teams!$E$5:$E$204,", ",",")," ,",",")&",")))>0)),"Away team not on Teams tab",IF(AND(COUNTIF(Teams!$B$5:$B$204,D5)=0,NOT(SUMPRODUCT(--ISNUMBER(SEARCH(","&D5&",",","&SUBSTITUTE(SUBSTITUTE(Teams!$E$5:$E$204,", ",",")," ,",",")&",")))>0)),"Home team not on Teams tab",IF(AND(E5<>"",F5=""),"Only one score entered",IF(AND(F5<>"",E5=""),"Only one score entered","OK"))))))))
A6: 2026-08-28 | B6: 6:30 PM | C6: Southtowns Stars | D6: Amherst Knights | E6: 1 | F6: 1 | G6: Leisure Rinks — West Seneca | I6: Pool | J6: Pre-Season Summer Showcase 2026 | K6: =IF(AND(A6="",C6="",D6=""),"",IF(A6="","Missing the date in column A",IF(OR(C6="",D6=""),IF(I6="Bracket","OK - bracket TBD","Missing a team"),IF(C6=D6,"Same team twice",IF(AND(COUNTIF(Teams!$B$5:$B$204,C6)=0,NOT(SUMPRODUCT(--ISNUMBER(SEARCH(","&C6&",",","&SUBSTITUTE(SUBSTITUTE(Teams!$E$5:$E$204,", ",",")," ,",",")&",")))>0)),"Away team not on Teams tab",IF(AND(COUNTIF(Teams!$B$5:$B$204,D6)=0,NOT(SUMPRODUCT(--ISNUMBER(SEARCH(","&D6&",",","&SUBSTITUTE(SUBSTITUTE(Teams!$E$5:$E$204,", ",",")," ,",",")&",")))>0)),"Home team not on Teams tab",IF(AND(E6<>"",F6=""),"Only one score entered",IF(AND(F6<>"",E6=""),"Only one score entered","OK"))))))))
A7: 2026-08-28 | B7: 8:00 PM | C7: Rochester Monarchs | D7: Erie Lakers | E7: 4 | F7: 2 | G7: Leisure Rinks — West Seneca | I7: Pool | J7: Pre-Season Summer Showcase 2026 | K7: =IF(AND(A7="",C7="",D7=""),"",IF(A7="","Missing the date in column A",IF(OR(C7="",D7=""),IF(I7="Bracket","OK - bracket TBD","Missing a team"),IF(C7=D7,"Same team twice",IF(AND(COUNTIF(Teams!$B$5:$B$204,C7)=0,NOT(SUMPRODUCT(--ISNUMBER(SEARCH(","&C7&",",","&SUBSTITUTE(SUBSTITUTE(Teams!$E$5:$E$204,", ",",")," ,",",")&",")))>0)),"Away team not on Teams tab",IF(AND(COUNTIF(Teams!$B$5:$B$204,D7)=0,NOT(SUMPRODUCT(--ISNUMBER(SEARCH(","&D7&",",","&SUBSTITUTE(SUBSTITUTE(Teams!$E$5:$E$204,", ",",")," ,",",")&",")))>0)),"Home team not on Teams tab",IF(AND(E7<>"",F7=""),"Only one score entered",IF(AND(F7<>"",E7=""),"Only one score entered","OK"))))))))
A8: 2026-08-29 | B8: 8:00 AM | C8: Southtowns Stars | D8: West Seneca Wings | E8: 0 | F8: 5 | G8: Leisure Rinks — West Seneca | I8: Pool | J8: Pre-Season Summer Showcase 2026 | K8: =IF(AND(A8="",C8="",D8=""),"",IF(A8="","Missing the date in column A",IF(OR(C8="",D8=""),IF(I8="Bracket","OK - bracket TBD","Missing a team"),IF(C8=D8,"Same team twice",IF(AND(COUNTIF(Teams!$B$5:$B$204,C8)=0,NOT(SUMPRODUCT(--ISNUMBER(SEARCH(","&C8&",",","&SUBSTITUTE(SUBSTITUTE(Teams!$E$5:$E$204,", ",",")," ,",",")&",")))>0)),"Away team not on Teams tab",IF(AND(COUNTIF(Teams!$B$5:$B$204,D8)=0,NOT(SUMPRODUCT(--ISNUMBER(SEARCH(","&D8&",",","&SUBSTITUTE(SUBSTITUTE(Teams!$E$5:$E$204,", ",",")," ,",",")&",")))>0)),"Home team not on Teams tab",IF(AND(E8<>"",F8=""),"Only one score entered",IF(AND(F8<>"",E8=""),"Only one score entered","OK"))))))))
A9: 2026-08-29 | B9: 9:30 AM | C9: Niagara Falls Flyers | D9: Amherst Knights | E9: 3 | F9: 2 | G9: Leisure Rinks — West Seneca | I9: Pool | J9: Pre-Season Summer Showcase 2026 | K9: =IF(AND(A9="",C9="",D9=""),"",IF(A9="","Missing the date in column A",IF(OR(C9="",D9=""),IF(I9="Bracket","OK - bracket TBD","Missing a team"),IF(C9=D9,"Same team twice",IF(AND(COUNTIF(Teams!$B$5:$B$204,C9)=0,NOT(SUMPRODUCT(--ISNUMBER(SEARCH(","&C9&",",","&SUBSTITUTE(SUBSTITUTE(Teams!$E$5:$E$204,", ",",")," ,",",")&",")))>0)),"Away team not on Teams tab",IF(AND(COUNTIF(Teams!$B$5:$B$204,D9)=0,NOT(SUMPRODUCT(--ISNUMBER(SEARCH(","&D9&",",","&SUBSTITUTE(SUBSTITUTE(Teams!$E$5:$E$204,", ",",")," ,",",")&",")))>0)),"Home team not on Teams tab",IF(AND(E9<>"",F9=""),"Only one score entered",IF(AND(F9<>"",E9=""),"Only one score entered","OK"))))))))
A10: 2026-08-29 | B10: 11:00 AM | C10: Rochester Monarchs | D10: West Seneca Wings | E10: 1 | F10: 1 | G10: Leisure Rinks — West Seneca | I10: Pool | J10: Pre-Season Summer Showcase 2026 | K10: =IF(AND(A10="",C10="",D10=""),"",IF(A10="","Missing the date in column A",IF(OR(C10="",D10=""),IF(I10="Bracket","OK - bracket TBD","Missing a team"),IF(C10=D10,"Same team twice",IF(AND(COUNTIF(Teams!$B$5:$B$204,C10)=0,NOT(SUMPRODUCT(--ISNUMBER(SEARCH(","&C10&",",","&SUBSTITUTE(SUBSTITUTE(Teams!$E$5:$E$204,", ",",")," ,",",")&",")))>0)),"Away team not on Teams tab",IF(AND(COUNTIF(Teams!$B$5:$B$204,D10)=0,NOT(SUMPRODUCT(--ISNUMBER(SEARCH(","&D10&",",","&SUBSTITUTE(SUBSTITUTE(Teams!$E$5:$E$204,", ",",")," ,",",")&",")))>0)),"Home team not on Teams tab",IF(AND(E10<>"",F10=""),"Only one score entered",IF(AND(F10<>"",E10=""),"Only one score entered","OK"))))))))
A11: 2026-08-29 | B11: 12:30 PM | C11: Southtowns Stars | D11: Erie Lakers | E11: 2 | F11: 3 | G11: Leisure Rinks — West Seneca | I11: Pool | J11: Pre-Season Summer Showcase 2026 | K11: =IF(AND(A11="",C11="",D11=""),"",IF(A11="","Missing the date in column A",IF(OR(C11="",D11=""),IF(I11="Bracket","OK - bracket TBD","Missing a team"),IF(C11=D11,"Same team twice",IF(AND(COUNTIF(Teams!$B$5:$B$204,C11)=0,NOT(SUMPRODUCT(--ISNUMBER(SEARCH(","&C11&",",","&SUBSTITUTE(SUBSTITUTE(Teams!$E$5:$E$204,", ",",")," ,",",")&",")))>0)),"Away team not on Teams tab",IF(AND(COUNTIF(Teams!$B$5:$B$204,D11)=0,NOT(SUMPRODUCT(--ISNUMBER(SEARCH(","&D11&",",","&SUBSTITUTE(SUBSTITUTE(Teams!$E$5:$E$204,", ",",")," ,",",")&",")))>0)),"Home team not on Teams tab",IF(AND(E11<>"",F11=""),"Only one score entered",IF(AND(F11<>"",E11=""),"Only one score entered","OK"))))))))
A12: 2026-08-29 | B12: 2:00 PM | C12: Niagara Falls Flyers | D12: Rochester Monarchs | E12: 1 | F12: 4 | G12: Leisure Rinks — West Seneca | I12: Pool | J12: Pre-Season Summer Showcase 2026 | K12: =IF(AND(A12="",C12="",D12=""),"",IF(A12="","Missing the date in column A",IF(OR(C12="",D12=""),IF(I12="Bracket","OK - bracket TBD","Missing a team"),IF(C12=D12,"Same team twice",IF(AND(COUNTIF(Teams!$B$5:$B$204,C12)=0,NOT(SUMPRODUCT(--ISNUMBER(SEARCH(","&C12&",",","&SUBSTITUTE(SUBSTITUTE(Teams!$E$5:$E$204,", ",",")," ,",",")&",")))>0)),"Away team not on Teams tab",IF(AND(COUNTIF(Teams!$B$5:$B$204,D12)=0,NOT(SUMPRODUCT(--ISNUMBER(SEARCH(","&D12&",",","&SUBSTITUTE(SUBSTITUTE(Teams!$E$5:$E$204,", ",",")," ,",",")&",")))>0)),"Home team not on Teams tab",IF(AND(E12<>"",F12=""),"Only one score entered",IF(AND(F12<>"",E12=""),"Only one score entered","OK"))))))))
A13: 2026-08-29 | B13: 3:30 PM | C13: Amherst Knights | D13: Erie Lakers | E13: 6 | F13: 0 | G13: Leisure Rinks — West Seneca | I13: Pool | J13: Pre-Season Summer Showcase 2026 | K13: =IF(AND(A13="",C13="",D13=""),"",IF(A13="","Missing the date in column A",IF(OR(C13="",D13=""),IF(I13="Bracket","OK - bracket TBD","Missing a team"),IF(C13=D13,"Same team twice",IF(AND(COUNTIF(Teams!$B$5:$B$204,C13)=0,NOT(SUMPRODUCT(--ISNUMBER(SEARCH(","&C13&",",","&SUBSTITUTE(SUBSTITUTE(Teams!$E$5:$E$204,", ",",")," ,",",")&",")))>0)),"Away team not on Teams tab",IF(AND(COUNTIF(Teams!$B$5:$B$204,D13)=0,NOT(SUMPRODUCT(--ISNUMBER(SEARCH(","&D13&",",","&SUBSTITUTE(SUBSTITUTE(Teams!$E$5:$E$204,", ",",")," ,",",")&",")))>0)),"Home team not on Teams tab",IF(AND(E13<>"",F13=""),"Only one score entered",IF(AND(F13<>"",E13=""),"Only one score entered","OK"))))))))
A14: 2026-08-30 | B14: 8:00 AM | C14: Amherst Knights | D14: West Seneca Wings | G14: Leisure Rinks — West Seneca | I14: Pool | J14: Pre-Season Summer Showcase 2026 | K14: =IF(AND(A14="",C14="",D14=""),"",IF(A14="","Missing the date in column A",IF(OR(C14="",D14=""),IF(I14="Bracket","OK - bracket TBD","Missing a team"),IF(C14=D14,"Same team twice",IF(AND(COUNTIF(Teams!$B$5:$B$204,C14)=0,NOT(SUMPRODUCT(--ISNUMBER(SEARCH(","&C14&",",","&SUBSTITUTE(SUBSTITUTE(Teams!$E$5:$E$204,", ",",")," ,",",")&",")))>0)),"Away team not on Teams tab",IF(AND(COUNTIF(Teams!$B$5:$B$204,D14)=0,NOT(SUMPRODUCT(--ISNUMBER(SEARCH(","&D14&",",","&SUBSTITUTE(SUBSTITUTE(Teams!$E$5:$E$204,", ",",")," ,",",")&",")))>0)),"Home team not on Teams tab",IF(AND(E14<>"",F14=""),"Only one score entered",IF(AND(F14<>"",E14=""),"Only one score entered","OK"))))))))
A15: 2026-08-30 | B15: 9:30 AM | C15: Niagara Falls Flyers | D15: Erie Lakers | G15: Leisure Rinks — West Seneca | I15: Pool | J15: Pre-Season Summer Showcase 2026 | K15: =IF(AND(A15="",C15="",D15=""),"",IF(A15="","Missing the date in column A",IF(OR(C15="",D15=""),IF(I15="Bracket","OK - bracket TBD","Missing a team"),IF(C15=D15,"Same team twice",IF(AND(COUNTIF(Teams!$B$5:$B$204,C15)=0,NOT(SUMPRODUCT(--ISNUMBER(SEARCH(","&C15&",",","&SUBSTITUTE(SUBSTITUTE(Teams!$E$5:$E$204,", ",",")," ,",",")&",")))>0)),"Away team not on Teams tab",IF(AND(COUNTIF(Teams!$B$5:$B$204,D15)=0,NOT(SUMPRODUCT(--ISNUMBER(SEARCH(","&D15&",",","&SUBSTITUTE(SUBSTITUTE(Teams!$E$5:$E$204,", ",",")," ,",",")&",")))>0)),"Home team not on Teams tab",IF(AND(E15<>"",F15=""),"Only one score entered",IF(AND(F15<>"",E15=""),"Only one score entered","OK"))))))))
A16: 2026-08-30 | B16: 11:00 AM | C16: Southtowns Stars | D16: Rochester Monarchs | G16: Leisure Rinks — West Seneca | I16: Pool | J16: Pre-Season Summer Showcase 2026 | K16: =IF(AND(A16="",C16="",D16=""),"",IF(A16="","Missing the date in column A",IF(OR(C16="",D16=""),IF(I16="Bracket","OK - bracket TBD","Missing a team"),IF(C16=D16,"Same team twice",IF(AND(COUNTIF(Teams!$B$5:$B$204,C16)=0,NOT(SUMPRODUCT(--ISNUMBER(SEARCH(","&C16&",",","&SUBSTITUTE(SUBSTITUTE(Teams!$E$5:$E$204,", ",",")," ,",",")&",")))>0)),"Away team not on Teams tab",IF(AND(COUNTIF(Teams!$B$5:$B$204,D16)=0,NOT(SUMPRODUCT(--ISNUMBER(SEARCH(","&D16&",",","&SUBSTITUTE(SUBSTITUTE(Teams!$E$5:$E$204,", ",",")," ,",",")&",")))>0)),"Home team not on Teams tab",IF(AND(E16<>"",F16=""),"Only one score entered",IF(AND(F16<>"",E16=""),"Only one score entered","OK"))))))))
A17: 2026-08-30 | B17: 12:30 PM | C17: Erie Lakers | D17: West Seneca Wings | G17: Leisure Rinks — West Seneca | I17: Pool | J17: Pre-Season Summer Showcase 2026 | K17: =IF(AND(A17="",C17="",D17=""),"",IF(A17="","Missing the date in column A",IF(OR(C17="",D17=""),IF(I17="Bracket","OK - bracket TBD","Missing a team"),IF(C17=D17,"Same team twice",IF(AND(COUNTIF(Teams!$B$5:$B$204,C17)=0,NOT(SUMPRODUCT(--ISNUMBER(SEARCH(","&C17&",",","&SUBSTITUTE(SUBSTITUTE(Teams!$E$5:$E$204,", ",",")," ,",",")&",")))>0)),"Away team not on Teams tab",IF(AND(COUNTIF(Teams!$B$5:$B$204,D17)=0,NOT(SUMPRODUCT(--ISNUMBER(SEARCH(","&D17&",",","&SUBSTITUTE(SUBSTITUTE(Teams!$E$5:$E$204,", ",",")," ,",",")&",")))>0)),"Home team not on Teams tab",IF(AND(E17<>"",F17=""),"Only one score entered",IF(AND(F17<>"",E17=""),"Only one score entered","OK"))))))))
A18: 2026-08-30 | B18: 2:00 PM | C18: Niagara Falls Flyers | D18: Southtowns Stars | G18: Leisure Rinks — West Seneca | I18: Pool | J18: Pre-Season Summer Showcase 2026 | K18: =IF(AND(A18="",C18="",D18=""),"",IF(A18="","Missing the date in column A",IF(OR(C18="",D18=""),IF(I18="Bracket","OK - bracket TBD","Missing a team"),IF(C18=D18,"Same team twice",IF(AND(COUNTIF(Teams!$B$5:$B$204,C18)=0,NOT(SUMPRODUCT(--ISNUMBER(SEARCH(","&C18&",",","&SUBSTITUTE(SUBSTITUTE(Teams!$E$5:$E$204,", ",",")," ,",",")&",")))>0)),"Away team not on Teams tab",IF(AND(COUNTIF(Teams!$B$5:$B$204,D18)=0,NOT(SUMPRODUCT(--ISNUMBER(SEARCH(","&D18&",",","&SUBSTITUTE(SUBSTITUTE(Teams!$E$5:$E$204,", ",",")," ,",",")&",")))>0)),"Home team not on Teams tab",IF(AND(E18<>"",F18=""),"Only one score entered",IF(AND(F18<>"",E18=""),"Only one score entered","OK"))))))))
A19: 2026-08-30 | B19: 3:30 PM | C19: Amherst Knights | D19: Rochester Monarchs | G19: Leisure Rinks — West Seneca | I19: Pool | J19: Pre-Season Summer Showcase 2026 | K19: =IF(AND(A19="",C19="",D19=""),"",IF(A19="","Missing the date in column A",IF(OR(C19="",D19=""),IF(I19="Bracket","OK - bracket TBD","Missing a team"),IF(C19=D19,"Same team twice",IF(AND(COUNTIF(Teams!$B$5:$B$204,C19)=0,NOT(SUMPRODUCT(--ISNUMBER(SEARCH(","&C19&",",","&SUBSTITUTE(SUBSTITUTE(Teams!$E$5:$E$204,", ",",")," ,",",")&",")))>0)),"Away team not on Teams tab",IF(AND(COUNTIF(Teams!$B$5:$B$204,D19)=0,NOT(SUMPRODUCT(--ISNUMBER(SEARCH(","&D19&",",","&SUBSTITUTE(SUBSTITUTE(Teams!$E$5:$E$204,", ",",")," ,",",")&",")))>0)),"Home team not on Teams tab",IF(AND(E19<>"",F19=""),"Only one score entered",IF(AND(F19<>"",E19=""),"Only one score entered","OK"))))))))
K20: =IF(AND(A20="",C20="",D20=""),"",IF(A20="","Missing the date in column A",IF(OR(C20="",D20=""),IF(I20="Bracket","OK - bracket TBD","Missing a team"),IF(C20=D20,"Same team twice",IF(AND(COUNTIF(Teams!$B$5:$B$204,C20)=0,NOT(SUMPRODUCT(--ISNUMBER(SEARCH(","&C20&",",","&SUBSTITUTE(SUBSTITUTE(Teams!$E$5:$E$204,", ",",")," ,",",")&",")))>0)),"Away team not on Teams tab",IF(AND(COUNTIF(Teams!$B$5:$B$204,D20)=0,NOT(SUMPRODUCT(--ISNUMBER(SEARCH(","&D20&",",","&SUBSTITUTE(SUBSTITUTE(Teams!$E$5:$E$204,", ",",")," ,",",")&",")))>0)),"Home team not on Teams tab",IF(AND(E20<>"",F20=""),"Only one score entered",IF(AND(F20<>"",E20=""),"Only one score entered","OK"))))))))
K21: =IF(AND(A21="",C21="",D21=""),"",IF(A21="","Missing the date in column A",IF(OR(C21="",D21=""),IF(I21="Bracket","OK - bracket TBD","Missing a team"),IF(C21=D21,"Same team twice",IF(AND(COUNTIF(Teams!$B$5:$B$204,C21)=0,NOT(SUMPRODUCT(--ISNUMBER(SEARCH(","&C21&",",","&SUBSTITUTE(SUBSTITUTE(Teams!$E$5:$E$204,", ",",")," ,",",")&",")))>0)),"Away team not on Teams tab",IF(AND(COUNTIF(Teams!$B$5:$B$204,D21)=0,NOT(SUMPRODUCT(--ISNUMBER(SEARCH(","&D21&",",","&SUBSTITUTE(SUBSTITUTE(Teams!$E$5:$E$204,", ",",")," ,",",")&",")))>0)),"Home team not on Teams tab",IF(AND(E21<>"",F21=""),"Only one score entered",IF(AND(F21<>"",E21=""),"Only one score entered","OK"))))))))
K22: =IF(AND(A22="",C22="",D22=""),"",IF(A22="","Missing the date in column A",IF(OR(C22="",D22=""),IF(I22="Bracket","OK - bracket TBD","Missing a team"),IF(C22=D22,"Same team twice",IF(AND(COUNTIF(Teams!$B$5:$B$204,C22)=0,NOT(SUMPRODUCT(--ISNUMBER(SEARCH(","&C22&",",","&SUBSTITUTE(SUBSTITUTE(Teams!$E$5:$E$204,", ",",")," ,",",")&",")))>0)),"Away team not on Teams tab",IF(AND(COUNTIF(Teams!$B$5:$B$204,D22)=0,NOT(SUMPRODUCT(--ISNUMBER(SEARCH(","&D22&",",","&SUBSTITUTE(SUBSTITUTE(Teams!$E$5:$E$204,", ",",")," ,",",")&",")))>0)),"Home team not on Teams tab",IF(AND(E22<>"",F22=""),"Only one score entered",IF(AND(F22<>"",E22=""),"Only one score entered","OK"))))))))
K23: =IF(AND(A23="",C23="",D23=""),"",IF(A23="","Missing the date in column A",IF(OR(C23="",D23=""),IF(I23="Bracket","OK - bracket TBD","Missing a team"),IF(C23=D23,"Same team twice",IF(AND(COUNTIF(Teams!$B$5:$B$204,C23)=0,NOT(SUMPRODUCT(--ISNUMBER(SEARCH(","&C23&",",","&SUBSTITUTE(SUBSTITUTE(Teams!$E$5:$E$204,", ",",")," ,",",")&",")))>0)),"Away team not on Teams tab",IF(AND(COUNTIF(Teams!$B$5:$B$204,D23)=0,NOT(SUMPRODUCT(--ISNUMBER(SEARCH(","&D23&",",","&SUBSTITUTE(SUBSTITUTE(Teams!$E$5:$E$204,", ",",")," ,",",")&",")))>0)),"Home team not on Teams tab",IF(AND(E23<>"",F23=""),"Only one score entered",IF(AND(F23<>"",E23=""),"Only one score entered","OK"))))))))
K24: =IF(AND(A24="",C24="",D24=""),"",IF(A24="","Missing the date in column A",IF(OR(C24="",D24=""),IF(I24="Bracket","OK - bracket TBD","Missing a team"),IF(C24=D24,"Same team twice",IF(AND(COUNTIF(Teams!$B$5:$B$204,C24)=0,NOT(SUMPRODUCT(--ISNUMBER(SEARCH(","&C24&",",","&SUBSTITUTE(SUBSTITUTE(Teams!$E$5:$E$204,", ",",")," ,",",")&",")))>0)),"Away team not on Teams tab",IF(AND(COUNTIF(Teams!$B$5:$B$204,D24)=0,NOT(SUMPRODUCT(--ISNUMBER(SEARCH(","&D24&",",","&SUBSTITUTE(SUBSTITUTE(Teams!$E$5:$E$204,", ",",")," ,",",")&",")))>0)),"Home team not on Teams tab",IF(AND(E24<>"",F24=""),"Only one score entered",IF(AND(F24<>"",E24=""),"Only one score entered","OK"))))))))
K25: =IF(AND(A25="",C25="",D25=""),"",IF(A25="","Missing the date in column A",IF(OR(C25="",D25=""),IF(I25="Bracket","OK - bracket TBD","Missing a team"),IF(C25=D25,"Same team twice",IF(AND(COUNTIF(Teams!$B$5:$B$204,C25)=0,NOT(SUMPRODUCT(--ISNUMBER(SEARCH(","&C25&",",","&SUBSTITUTE(SUBSTITUTE(Teams!$E$5:$E$204,", ",",")," ,",",")&",")))>0)),"Away team not on Teams tab",IF(AND(COUNTIF(Teams!$B$5:$B$204,D25)=0,NOT(SUMPRODUCT(--ISNUMBER(SEARCH(","&D25&",",","&SUBSTITUTE(SUBSTITUTE(Teams!$E$5:$E$204,", ",",")," ,",",")&",")))>0)),"Home team not on Teams tab",IF(AND(E25<>"",F25=""),"Only one score entered",IF(AND(F25<>"",E25=""),"Only one score entered","OK"))))))))
K26: =IF(AND(A26="",C26="",D26=""),"",IF(A26="","Missing the date in column A",IF(OR(C26="",D26=""),IF(I26="Bracket","OK - bracket TBD","Missing a team"),IF(C26=D26,"Same team twice",IF(AND(COUNTIF(Teams!$B$5:$B$204,C26)=0,NOT(SUMPRODUCT(--ISNUMBER(SEARCH(","&C26&",",","&SUBSTITUTE(SUBSTITUTE(Teams!$E$5:$E$204,", ",",")," ,",",")&",")))>0)),"Away team not on Teams tab",IF(AND(COUNTIF(Teams!$B$5:$B$204,D26)=0,NOT(SUMPRODUCT(--ISNUMBER(SEARCH(","&D26&",",","&SUBSTITUTE(SUBSTITUTE(Teams!$E$5:$E$204,", ",",")," ,",",")&",")))>0)),"Home team not on Teams tab",IF(AND(E26<>"",F26=""),"Only one score entered",IF(AND(F26<>"",E26=""),"Only one score entered","OK"))))))))
K27: =IF(AND(A27="",C27="",D27=""),"",IF(A27="","Missing the date in column A",IF(OR(C27="",D27=""),IF(I27="Bracket","OK - bracket TBD","Missing a team"),IF(C27=D27,"Same team twice",IF(AND(COUNTIF(Teams!$B$5:$B$204,C27)=0,NOT(SUMPRODUCT(--ISNUMBER(SEARCH(","&C27&",",","&SUBSTITUTE(SUBSTITUTE(Teams!$E$5:$E$204,", ",",")," ,",",")&",")))>0)),"Away team not on Teams tab",IF(AND(COUNTIF(Teams!$B$5:$B$204,D27)=0,NOT(SUMPRODUCT(--ISNUMBER(SEARCH(","&D27&",",","&SUBSTITUTE(SUBSTITUTE(Teams!$E$5:$E$204,", ",",")," ,",",")&",")))>0)),"Home team not on Teams tab",IF(AND(E27<>"",F27=""),"Only one score entered",IF(AND(F27<>"",E27=""),"Only one score entered","OK"))))))))
K28: =IF(AND(A28="",C28="",D28=""),"",IF(A28="","Missing the date in column A",IF(OR(C28="",D28=""),IF(I28="Bracket","OK - bracket TBD","Missing a team"),IF(C28=D28,"Same team twice",IF(AND(COUNTIF(Teams!$B$5:$B$204,C28)=0,NOT(SUMPRODUCT(--ISNUMBER(SEARCH(","&C28&",",","&SUBSTITUTE(SUBSTITUTE(Teams!$E$5:$E$204,", ",",")," ,",",")&",")))>0)),"Away team not on Teams tab",IF(AND(COUNTIF(Teams!$B$5:$B$204,D28)=0,NOT(SUMPRODUCT(--ISNUMBER(SEARCH(","&D28&",",","&SUBSTITUTE(SUBSTITUTE(Teams!$E$5:$E$204,", ",",")," ,",",")&",")))>0)),"Home team not on Teams tab",IF(AND(E28<>"",F28=""),"Only one score entered",IF(AND(F28<>"",E28=""),"Only one score entered","OK"))))))))
K29: =IF(AND(A29="",C29="",D29=""),"",IF(A29="","Missing the date in column A",IF(OR(C29="",D29=""),IF(I29="Bracket","OK - bracket TBD","Missing a team"),IF(C29=D29,"Same team twice",IF(AND(COUNTIF(Teams!$B$5:$B$204,C29)=0,NOT(SUMPRODUCT(--ISNUMBER(SEARCH(","&C29&",",","&SUBSTITUTE(SUBSTITUTE(Teams!$E$5:$E$204,", ",",")," ,",",")&",")))>0)),"Away team not on Teams tab",IF(AND(COUNTIF(Teams!$B$5:$B$204,D29)=0,NOT(SUMPRODUCT(--ISNUMBER(SEARCH(","&D29&",",","&SUBSTITUTE(SUBSTITUTE(Teams!$E$5:$E$204,", ",",")," ,",",")&",")))>0)),"Home team not on Teams tab",IF(AND(E29<>"",F29=""),"Only one score entered",IF(AND(F29<>"",E29=""),"Only one score entered","OK"))))))))
K30: =IF(AND(A30="",C30="",D30=""),"",IF(A30="","Missing the date in column A",IF(OR(C30="",D30=""),IF(I30="Bracket","OK - bracket TBD","Missing a team"),IF(C30=D30,"Same team twice",IF(AND(COUNTIF(Teams!$B$5:$B$204,C30)=0,NOT(SUMPRODUCT(--ISNUMBER(SEARCH(","&C30&",",","&SUBSTITUTE(SUBSTITUTE(Teams!$E$5:$E$204,", ",",")," ,",",")&",")))>0)),"Away team not on Teams tab",IF(AND(COUNTIF(Teams!$B$5:$B$204,D30)=0,NOT(SUMPRODUCT(--ISNUMBER(SEARCH(","&D30&",",","&SUBSTITUTE(SUBSTITUTE(Teams!$E$5:$E$204,", ",",")," ,",",")&",")))>0)),"Home team not on Teams tab",IF(AND(E30<>"",F30=""),"Only one score entered",IF(AND(F30<>"",E30=""),"Only one score entered","OK"))))))))
K31: =IF(AND(A31="",C31="",D31=""),"",IF(A31="","Missing the date in column A",IF(OR(C31="",D31=""),IF(I31="Bracket","OK - bracket TBD","Missing a team"),IF(C31=D31,"Same team twice",IF(AND(COUNTIF(Teams!$B$5:$B$204,C31)=0,NOT(SUMPRODUCT(--ISNUMBER(SEARCH(","&C31&",",","&SUBSTITUTE(SUBSTITUTE(Teams!$E$5:$E$204,", ",",")," ,",",")&",")))>0)),"Away team not on Teams tab",IF(AND(COUNTIF(Teams!$B$5:$B$204,D31)=0,NOT(SUMPRODUCT(--ISNUMBER(SEARCH(","&D31&",",","&SUBSTITUTE(SUBSTITUTE(Teams!$E$5:$E$204,", ",",")," ,",",")&",")))>0)),"Home team not on Teams tab",IF(AND(E31<>"",F31=""),"Only one score entered",IF(AND(F31<>"",E31=""),"Only one score entered","OK"))))))))
... K204: =IF(AND(A204="",C204="",D204=""),"",IF(A204="","Missing the date in column A",IF(OR(C204="",D204=""),IF(I204="Bracket","OK - bracket TBD","Missing a team"),IF(C204=D204,"Same team twice",IF(AND(COUNTIF(Teams!$B$5:$B$204,C204)=0,NOT(SUMPRODUCT(--ISNUMBER(SEARCH(","&C204&",",","&SUBSTITUTE(SUBSTITUTE(Teams!$E$5:$E$204,", ",",")," ,",",")&",")))>0)),"Away team not on Teams tab",IF(AND(COUNTIF(Teams!$B$5:$B$204,D204)=0,NOT(SUMPRODUCT(--ISNUMBER(SEARCH(","&D204&",",","&SUBSTITUTE(SUBSTITUTE(Teams!$E$5:$E$204,", ",",")," ,",",")&",")))>0)),"Home team not on Teams tab",IF(AND(E204<>"",F204=""),"Only one score entered",IF(AND(F204<>"",E204=""),"Only one score entered","OK"))))))))
